Code,Treatment,Repet,Tree,Fruit,Nseeds,FrDiam,Block,TreeCode
A111,A,01,01,1,0,60.21,Block_1,A0101
A112,A,01,01,2,0,55.18,Block_1,A0101
A113,A,01,01,3,0,50.74,Block_1,A0101
A114,A,01,01,4,0,60.51,Block_1,A0101
A115,A,01,01,5,0,52.67,Block_1,A0101
A116,A,01,01,6,1,51.26,Block_1,A0101
A117,A,01,01,7,1,52.91,Block_1,A0101
A118,A,01,01,8,0,50.98,Block_1,A0101
A119,A,01,01,9,0,49.49,Block_1,A0101
A1110,A,01,01,10,0,48.8,Block_1,A0101
A121,A,01,02,1,0,63.32,Block_1,A0102
A122,A,01,02,2,2,62.33,Block_1,A0102
A123,A,01,02,3,0,65.42,Block_1,A0102
A124,A,01,02,4,0,60.78,Block_1,A0102
A125,A,01,02,5,1,57.67,Block_1,A0102
A126,A,01,02,6,4,59.32,Block_1,A0102
A127,A,01,02,7,2,60.65,Block_1,A0102
A128,A,01,02,8,6,71.69,Block_1,A0102
A129,A,01,02,9,1,60.62,Block_1,A0102
A1210,A,01,02,10,2,64.94,Block_1,A0102
A211,A,02,01,1,,,Block_1,A0201
A212,A,02,01,2,,,Block_1,A0201
A213,A,02,01,3,,,Block_1,A0201
A214,A,02,01,4,,,Block_1,A0201
A215,A,02,01,5,,,Block_1,A0201
A216,A,02,01,6,,,Block_1,A0201
A217,A,02,01,7,,,Block_1,A0201
A218,A,02,01,8,,,Block_1,A0201
A219,A,02,01,9,,,Block_1,A0201
A2110,A,02,01,10,,,Block_1,A0201
A221,A,02,02,1,1,64.27,Block_1,A0202
A222,A,02,02,2,1,58.31,Block_1,A0202
A223,A,02,02,3,0,58.99,Block_1,A0202
A224,A,02,02,4,1,56.28,Block_1,A0202
A225,A,02,02,5,4,68.52,Block_1,A0202
A226,A,02,02,6,0,58.38,Block_1,A0202
A227,A,02,02,7,0,62.96,Block_1,A0202
A228,A,02,02,8,1,61.77,Block_1,A0202
A229,A,02,02,9,1,63.23,Block_1,A0202
A2210,A,02,02,10,3,62.43,Block_1,A0202
A311,A,03,01,1,3,78.6,Block_1,A0301
A312,A,03,01,2,1,69.36,Block_1,A0301
A313,A,03,01,3,0,60.83,Block_1,A0301
A314,A,03,01,4,1,68.69,Block_1,A0301
A315,A,03,01,5,2,68.71,Block_1,A0301
A316,A,03,01,6,1,61.29,Block_1,A0301
A317,A,03,01,7,3,76.85,Block_1,A0301
A318,A,03,01,8,0,62.82,Block_1,A0301
A319,A,03,01,9,0,59.4,Block_1,A0301
A3110,A,03,01,10,0,57.31,Block_1,A0301
A321,A,03,02,1,1,64.49,Block_1,A0302
A322,A,03,02,2,2,68.39,Block_1,A0302
A323,A,03,02,3,3,70.25,Block_1,A0302
A324,A,03,02,4,0,56.19,Block_1,A0302
A325,A,03,02,5,3,61.81,Block_1,A0302
A326,A,03,02,6,0,59.89,Block_1,A0302
A327,A,03,02,7,2,58.31,Block_1,A0302
A328,A,03,02,8,1,56.45,Block_1,A0302
A329,A,03,02,9,5,67.38,Block_1,A0302
A3210,A,03,02,10,3,56.28,Block_1,A0302
A411,A,04,01,1,3,66.01,Block_2,A0401
A412,A,04,01,2,1,51.29,Block_2,A0401
A413,A,04,01,3,0,50.01,Block_2,A0401
A414,A,04,01,4,0,49.7,Block_2,A0401
A415,A,04,01,5,1,62.78,Block_2,A0401
A416,A,04,01,6,2,56.55,Block_2,A0401
A417,A,04,01,7,2,78.07,Block_2,A0401
A418,A,04,01,8,4,62.18,Block_2,A0401
A419,A,04,01,9,0,48.96,Block_2,A0401
A4110,A,04,01,10,0,54.83,Block_2,A0401
A421,A,04,02,1,0,57.15,Block_2,A0402
A422,A,04,02,2,1,58.29,Block_2,A0402
A423,A,04,02,3,1,54.08,Block_2,A0402
A424,A,04,02,4,1,57.38,Block_2,A0402
A425,A,04,02,5,0,50.64,Block_2,A0402
A426,A,04,02,6,1,63.81,Block_2,A0402
A427,A,04,02,7,0,55.22,Block_2,A0402
A428,A,04,02,8,3,66.24,Block_2,A0402
A429,A,04,02,9,0,60.47,Block_2,A0402
A4210,A,04,02,10,5,70.12,Block_2,A0402
A511,A,05,01,1,2,67.51,Block_2,A0501
A512,A,05,01,2,2,56.48,Block_2,A0501
A513,A,05,01,3,1,58.85,Block_2,A0501
A514,A,05,01,4,1,64.26,Block_2,A0501
A515,A,05,01,5,0,68.48,Block_2,A0501
A516,A,05,01,6,0,54.78,Block_2,A0501
A517,A,05,01,7,0,61.25,Block_2,A0501
A518,A,05,01,8,0,54.73,Block_2,A0501
A519,A,05,01,9,3,59,Block_2,A0501
A5110,A,05,01,10,0,54.8,Block_2,A0501
A521,A,05,02,1,0,73.74,Block_2,A0502
A522,A,05,02,2,0,46.04,Block_2,A0502
A523,A,05,02,3,1,53.93,Block_2,A0502
A524,A,05,02,4,0,59.27,Block_2,A0502
A525,A,05,02,5,0,66.7,Block_2,A0502
A526,A,05,02,6,1,68.25,Block_2,A0502
A527,A,05,02,7,0,48.02,Block_2,A0502
A528,A,05,02,8,0,53.07,Block_2,A0502
A529,A,05,02,9,1,67.76,Block_2,A0502
A5210,A,05,02,10,0,64.93,Block_2,A0502
A611,A,06,01,1,0,64.23,Block_2,A0601
A612,A,06,01,2,0,59.11,Block_2,A0601
A613,A,06,01,3,0,54.78,Block_2,A0601
A614,A,06,01,4,0,53.28,Block_2,A0601
A615,A,06,01,5,1,68.8,Block_2,A0601
A616,A,06,01,6,0,50.41,Block_2,A0601
A617,A,06,01,7,3,65.6,Block_2,A0601
A618,A,06,01,8,2,60.76,Block_2,A0601
A619,A,06,01,9,0,66.87,Block_2,A0601
A6110,A,06,01,10,0,52.98,Block_2,A0601
A621,A,06,02,1,0,55.53,Block_2,A0602
A622,A,06,02,2,2,73.27,Block_2,A0602
A623,A,06,02,3,0,62.25,Block_2,A0602
A624,A,06,02,4,0,53.3,Block_2,A0602
A625,A,06,02,5,0,51.56,Block_2,A0602
A626,A,06,02,6,0,38.54,Block_2,A0602
A627,A,06,02,7,0,55.45,Block_2,A0602
A628,A,06,02,8,,,Block_2,A0602
A629,A,06,02,9,,,Block_2,A0602
A6210,A,06,02,10,,,Block_2,A0602
A711,A,07,01,1,1,65.33,Block_2,A0701
A712,A,07,01,2,0,51.66,Block_2,A0701
A713,A,07,01,3,0,51.02,Block_2,A0701
A714,A,07,01,4,0,44.41,Block_2,A0701
A715,A,07,01,5,0,45.88,Block_2,A0701
A716,A,07,01,6,,,Block_2,A0701
A717,A,07,01,7,,,Block_2,A0701
A718,A,07,01,8,,,Block_2,A0701
A719,A,07,01,9,,,Block_2,A0701
A7110,A,07,01,10,,,Block_2,A0701
A721,A,07,02,1,0,49.43,Block_2,A0702
A722,A,07,02,2,0,46.24,Block_2,A0702
A723,A,07,02,3,0,47.56,Block_2,A0702
A724,A,07,02,4,0,46.96,Block_2,A0702
A725,A,07,02,5,0,53.17,Block_2,A0702
A726,A,07,02,6,0,43.05,Block_2,A0702
A727,A,07,02,7,0,51.09,Block_2,A0702
A728,A,07,02,8,,,Block_2,A0702
A729,A,07,02,9,,,Block_2,A0702
A7210,A,07,02,10,,,Block_2,A0702
A811,A,08,01,1,1,64.98,Block_3,A0801
A812,A,08,01,2,1,61.29,Block_3,A0801
A813,A,08,01,3,5,60.81,Block_3,A0801
A814,A,08,01,4,1,49.53,Block_3,A0801
A815,A,08,01,5,3,67.82,Block_3,A0801
A816,A,08,01,6,2,64.31,Block_3,A0801
A817,A,08,01,7,1,52.21,Block_3,A0801
A818,A,08,01,8,0,62.75,Block_3,A0801
A819,A,08,01,9,2,67.34,Block_3,A0801
A8110,A,08,01,10,2,64.84,Block_3,A0801
A821,A,08,02,1,,,Block_3,A0802
A822,A,08,02,2,,,Block_3,A0802
A823,A,08,02,3,,,Block_3,A0802
A824,A,08,02,4,,,Block_3,A0802
A825,A,08,02,5,,,Block_3,A0802
A826,A,08,02,6,,,Block_3,A0802
A827,A,08,02,7,,,Block_3,A0802
A828,A,08,02,8,,,Block_3,A0802
A829,A,08,02,9,,,Block_3,A0802
A8210,A,08,02,10,,,Block_3,A0802
A911,A,09,01,1,,,Block_3,A0901
A912,A,09,01,2,,,Block_3,A0901
A913,A,09,01,3,,,Block_3,A0901
A914,A,09,01,4,,,Block_3,A0901
A915,A,09,01,5,,,Block_3,A0901
A916,A,09,01,6,,,Block_3,A0901
A917,A,09,01,7,,,Block_3,A0901
A918,A,09,01,8,,,Block_3,A0901
A919,A,09,01,9,,,Block_3,A0901
A9110,A,09,01,10,,,Block_3,A0901
A921,A,09,02,1,0,58.11,Block_3,A0902
A922,A,09,02,2,2,55.83,Block_3,A0902
A923,A,09,02,3,0,65.66,Block_3,A0902
A924,A,09,02,4,3,64.63,Block_3,A0902
A925,A,09,02,5,0,52.28,Block_3,A0902
A926,A,09,02,6,2,58.74,Block_3,A0902
A927,A,09,02,7,0,56.34,Block_3,A0902
A928,A,09,02,8,0,54.1,Block_3,A0902
A929,A,09,02,9,0,48.04,Block_3,A0902
A9210,A,09,02,10,0,62.88,Block_3,A0902
A1011,A,10,01,1,,,Block_3,A1001
A1012,A,10,01,2,,,Block_3,A1001
A1013,A,10,01,3,,,Block_3,A1001
A1014,A,10,01,4,,,Block_3,A1001
A1015,A,10,01,5,,,Block_3,A1001
A1016,A,10,01,6,,,Block_3,A1001
A1017,A,10,01,7,,,Block_3,A1001
A1018,A,10,01,8,,,Block_3,A1001
A1019,A,10,01,9,,,Block_3,A1001
A10110,A,10,01,10,,,Block_3,A1001
A1021,A,10,02,1,,,Block_3,A1002
A1022,A,10,02,2,,,Block_3,A1002
A1023,A,10,02,3,,,Block_3,A1002
A1024,A,10,02,4,,,Block_3,A1002
A1025,A,10,02,5,,,Block_3,A1002
A1026,A,10,02,6,,,Block_3,A1002
A1027,A,10,02,7,,,Block_3,A1002
A1028,A,10,02,8,,,Block_3,A1002
A1029,A,10,02,9,,,Block_3,A1002
A10210,A,10,02,10,,,Block_3,A1002
A1111,A,11,01,1,2,60.28,Block_3,A1101
A1112,A,11,01,2,0,56.04,Block_3,A1101
A1113,A,11,01,3,2,56.7,Block_3,A1101
A1114,A,11,01,4,3,66.92,Block_3,A1101
A1115,A,11,01,5,3,63.57,Block_3,A1101
A1116,A,11,01,6,0,58.89,Block_3,A1101
A1117,A,11,01,7,0,56.59,Block_3,A1101
A1118,A,11,01,8,2,55.01,Block_3,A1101
A1119,A,11,01,9,1,58.32,Block_3,A1101
A11110,A,11,01,10,0,52.67,Block_3,A1101
A1121,A,11,02,1,,,Block_3,A1102
A1122,A,11,02,2,,,Block_3,A1102
A1123,A,11,02,3,,,Block_3,A1102
A1124,A,11,02,4,,,Block_3,A1102
A1125,A,11,02,5,,,Block_3,A1102
A1126,A,11,02,6,,,Block_3,A1102
A1127,A,11,02,7,,,Block_3,A1102
A1128,A,11,02,8,,,Block_3,A1102
A1129,A,11,02,9,,,Block_3,A1102
A11210,A,11,02,10,,,Block_3,A1102
B111,B,01,01,1,0,63.55,Block_1,B0101
B112,B,01,01,2,0,65.75,Block_1,B0101
B113,B,01,01,3,0,56.3,Block_1,B0101
B114,B,01,01,4,0,57.98,Block_1,B0101
B115,B,01,01,5,0,56.79,Block_1,B0101
B116,B,01,01,6,0,49.16,Block_1,B0101
B117,B,01,01,7,0,69.3,Block_1,B0101
B118,B,01,01,8,0,59.97,Block_1,B0101
B119,B,01,01,9,0,58.45,Block_1,B0101
B1110,B,01,01,10,0,55.57,Block_1,B0101
B121,B,01,02,1,0,57.78,Block_1,B0102
B122,B,01,02,2,0,60.53,Block_1,B0102
B123,B,01,02,3,0,63.63,Block_1,B0102
B124,B,01,02,4,0,62.08,Block_1,B0102
B125,B,01,02,5,0,61.18,Block_1,B0102
B126,B,01,02,6,0,59.45,Block_1,B0102
B127,B,01,02,7,0,64.51,Block_1,B0102
B128,B,01,02,8,0,55.05,Block_1,B0102
B129,B,01,02,9,0,60.97,Block_1,B0102
B1210,B,01,02,10,0,60.56,Block_1,B0102
B211,B,02,01,1,0,62.69,Block_1,B0201
B212,B,02,01,2,0,69.36,Block_1,B0201
B213,B,02,01,3,0,60.9,Block_1,B0201
B214,B,02,01,4,0,67.05,Block_1,B0201
B215,B,02,01,5,0,60.65,Block_1,B0201
B216,B,02,01,6,0,50.21,Block_1,B0201
B217,B,02,01,7,0,52.51,Block_1,B0201
B218,B,02,01,8,,,Block_1,B0201
B219,B,02,01,9,,,Block_1,B0201
B2110,B,02,01,10,,,Block_1,B0201
B221,B,02,02,1,0,75.89,Block_1,B0202
B222,B,02,02,2,0,60.24,Block_1,B0202
B223,B,02,02,3,0,62.49,Block_1,B0202
B224,B,02,02,4,0,59.33,Block_1,B0202
B225,B,02,02,5,0,73.31,Block_1,B0202
B226,B,02,02,6,0,57.9,Block_1,B0202
B227,B,02,02,7,0,50.29,Block_1,B0202
B228,B,02,02,8,0,61.32,Block_1,B0202
B229,B,02,02,9,0,48.27,Block_1,B0202
B2210,B,02,02,10,0,65.51,Block_1,B0202
B311,B,03,01,1,0,62.98,Block_1,B0301
B312,B,03,01,2,0,55.22,Block_1,B0301
B313,B,03,01,3,0,52.38,Block_1,B0301
B314,B,03,01,4,0,56.96,Block_1,B0301
B315,B,03,01,5,0,50.97,Block_1,B0301
B316,B,03,01,6,0,72.04,Block_1,B0301
B317,B,03,01,7,0,51.5,Block_1,B0301
B318,B,03,01,8,0,56.21,Block_1,B0301
B319,B,03,01,9,0,55.39,Block_1,B0301
B3110,B,03,01,10,0,55.11,Block_1,B0301
B321,B,03,02,1,0,54.04,Block_1,B0302
B322,B,03,02,2,0,54.69,Block_1,B0302
B323,B,03,02,3,0,49.02,Block_1,B0302
B324,B,03,02,4,0,48.94,Block_1,B0302
B325,B,03,02,5,0,41.07,Block_1,B0302
B326,B,03,02,6,,,Block_1,B0302
B327,B,03,02,7,,,Block_1,B0302
B328,B,03,02,8,,,Block_1,B0302
B329,B,03,02,9,,,Block_1,B0302
B3210,B,03,02,10,,,Block_1,B0302
B411,B,04,01,1,0,46.17,Block_2,B0401
B412,B,04,01,2,0,64.54,Block_2,B0401
B413,B,04,01,3,0,59.73,Block_2,B0401
B414,B,04,01,4,0,59.99,Block_2,B0401
B415,B,04,01,5,0,62.58,Block_2,B0401
B416,B,04,01,6,0,56.09,Block_2,B0401
B417,B,04,01,7,0,55.94,Block_2,B0401
B418,B,04,01,8,0,67.62,Block_2,B0401
B419,B,04,01,9,0,66.75,Block_2,B0401
B4110,B,04,01,10,0,59.27,Block_2,B0401
B421,B,04,02,1,0,60.19,Block_2,B0402
B422,B,04,02,2,0,49.86,Block_2,B0402
B423,B,04,02,3,0,47.6,Block_2,B0402
B424,B,04,02,4,0,54.07,Block_2,B0402
B425,B,04,02,5,0,53.03,Block_2,B0402
B426,B,04,02,6,0,46.84,Block_2,B0402
B427,B,04,02,7,0,64.86,Block_2,B0402
B428,B,04,02,8,0,50.8,Block_2,B0402
B429,B,04,02,9,0,57.61,Block_2,B0402
B4210,B,04,02,10,0,51.74,Block_2,B0402
B511,B,05,01,1,0,51.54,Block_2,B0501
B512,B,05,01,2,0,60.22,Block_2,B0501
B513,B,05,01,3,0,47.66,Block_2,B0501
B514,B,05,01,4,0,74.06,Block_2,B0501
B515,B,05,01,5,0,70.86,Block_2,B0501
B516,B,05,01,6,0,57.69,Block_2,B0501
B517,B,05,01,7,0,55.05,Block_2,B0501
B518,B,05,01,8,0,52.83,Block_2,B0501
B519,B,05,01,9,0,58.19,Block_2,B0501
B5110,B,05,01,10,0,51.64,Block_2,B0501
B521,B,05,02,1,0,51.17,Block_2,B0502
B522,B,05,02,2,0,53.5,Block_2,B0502
B523,B,05,02,3,0,44.48,Block_2,B0502
B524,B,05,02,4,0,54.14,Block_2,B0502
B525,B,05,02,5,0,47.68,Block_2,B0502
B526,B,05,02,6,0,54.22,Block_2,B0502
B527,B,05,02,7,0,48.08,Block_2,B0502
B528,B,05,02,8,0,50.18,Block_2,B0502
B529,B,05,02,9,0,45.01,Block_2,B0502
B5210,B,05,02,10,0,48.03,Block_2,B0502
B611,B,06,01,1,,,Block_2,B0601
B612,B,06,01,2,,,Block_2,B0601
B613,B,06,01,3,,,Block_2,B0601
B614,B,06,01,4,,,Block_2,B0601
B615,B,06,01,5,,,Block_2,B0601
B616,B,06,01,6,,,Block_2,B0601
B617,B,06,01,7,,,Block_2,B0601
B618,B,06,01,8,,,Block_2,B0601
B619,B,06,01,9,,,Block_2,B0601
B6110,B,06,01,10,,,Block_2,B0601
B621,B,06,02,1,,,Block_2,B0602
B622,B,06,02,2,,,Block_2,B0602
B623,B,06,02,3,,,Block_2,B0602
B624,B,06,02,4,,,Block_2,B0602
B625,B,06,02,5,,,Block_2,B0602
B626,B,06,02,6,,,Block_2,B0602
B627,B,06,02,7,,,Block_2,B0602
B628,B,06,02,8,,,Block_2,B0602
B629,B,06,02,9,,,Block_2,B0602
B6210,B,06,02,10,,,Block_2,B0602
B711,B,07,01,1,,,Block_2,B0701
B712,B,07,01,2,,,Block_2,B0701
B713,B,07,01,3,,,Block_2,B0701
B714,B,07,01,4,,,Block_2,B0701
B715,B,07,01,5,,,Block_2,B0701
B716,B,07,01,6,,,Block_2,B0701
B717,B,07,01,7,,,Block_2,B0701
B718,B,07,01,8,,,Block_2,B0701
B719,B,07,01,9,,,Block_2,B0701
B7110,B,07,01,10,,,Block_2,B0701
B721,B,07,02,1,,,Block_2,B0702
B722,B,07,02,2,,,Block_2,B0702
B723,B,07,02,3,,,Block_2,B0702
B724,B,07,02,4,,,Block_2,B0702
B725,B,07,02,5,,,Block_2,B0702
B726,B,07,02,6,,,Block_2,B0702
B727,B,07,02,7,,,Block_2,B0702
B728,B,07,02,8,,,Block_2,B0702
B729,B,07,02,9,,,Block_2,B0702
B7210,B,07,02,10,,,Block_2,B0702
B811,B,08,01,1,0,61.41,Block_3,B0801
B812,B,08,01,2,0,60.21,Block_3,B0801
B813,B,08,01,3,0,54.97,Block_3,B0801
B814,B,08,01,4,0,57.84,Block_3,B0801
B815,B,08,01,5,0,60.12,Block_3,B0801
B816,B,08,01,6,0,60.2,Block_3,B0801
B817,B,08,01,7,0,54.97,Block_3,B0801
B818,B,08,01,8,0,64.77,Block_3,B0801
B819,B,08,01,9,0,62.62,Block_3,B0801
B8110,B,08,01,10,0,53.17,Block_3,B0801
B821,B,08,02,1,,,Block_3,B0802
B822,B,08,02,2,,,Block_3,B0802
B823,B,08,02,3,,,Block_3,B0802
B824,B,08,02,4,,,Block_3,B0802
B825,B,08,02,5,,,Block_3,B0802
B826,B,08,02,6,,,Block_3,B0802
B827,B,08,02,7,,,Block_3,B0802
B828,B,08,02,8,,,Block_3,B0802
B829,B,08,02,9,,,Block_3,B0802
B8210,B,08,02,10,,,Block_3,B0802
B911,B,09,01,1,0,58.75,Block_3,B0901
B912,B,09,01,2,0,35.57,Block_3,B0901
B913,B,09,01,3,0,42.36,Block_3,B0901
B914,B,09,01,4,0,44.81,Block_3,B0901
B915,B,09,01,5,0,34.97,Block_3,B0901
B916,B,09,01,6,0,41.07,Block_3,B0901
B917,B,09,01,7,,,Block_3,B0901
B918,B,09,01,8,,,Block_3,B0901
B919,B,09,01,9,,,Block_3,B0901
B9110,B,09,01,10,,,Block_3,B0901
B921,B,09,02,1,0,60.86,Block_3,B0902
B922,B,09,02,2,0,60.78,Block_3,B0902
B923,B,09,02,3,0,58.89,Block_3,B0902
B924,B,09,02,4,0,58.38,Block_3,B0902
B925,B,09,02,5,0,57.33,Block_3,B0902
B926,B,09,02,6,0,49.33,Block_3,B0902
B927,B,09,02,7,0,57.9,Block_3,B0902
B928,B,09,02,8,0,48.31,Block_3,B0902
B929,B,09,02,9,0,50.49,Block_3,B0902
B9210,B,09,02,10,0,59.12,Block_3,B0902
B1011,B,10,01,1,,,Block_3,B1001
B1012,B,10,01,2,,,Block_3,B1001
B1013,B,10,01,3,,,Block_3,B1001
B1014,B,10,01,4,,,Block_3,B1001
B1015,B,10,01,5,,,Block_3,B1001
B1016,B,10,01,6,,,Block_3,B1001
B1017,B,10,01,7,,,Block_3,B1001
B1018,B,10,01,8,,,Block_3,B1001
B1019,B,10,01,9,,,Block_3,B1001
B10110,B,10,01,10,,,Block_3,B1001
B1021,B,10,02,1,,,Block_3,B1002
B1022,B,10,02,2,,,Block_3,B1002
B1023,B,10,02,3,,,Block_3,B1002
B1024,B,10,02,4,,,Block_3,B1002
B1025,B,10,02,5,,,Block_3,B1002
B1026,B,10,02,6,,,Block_3,B1002
B1027,B,10,02,7,,,Block_3,B1002
B1028,B,10,02,8,,,Block_3,B1002
B1029,B,10,02,9,,,Block_3,B1002
B10210,B,10,02,10,,,Block_3,B1002
B1111,B,11,01,1,,,Block_3,B1101
B1112,B,11,01,2,,,Block_3,B1101
B1113,B,11,01,3,,,Block_3,B1101
B1114,B,11,01,4,,,Block_3,B1101
B1115,B,11,01,5,,,Block_3,B1101
B1116,B,11,01,6,,,Block_3,B1101
B1117,B,11,01,7,,,Block_3,B1101
B1118,B,11,01,8,,,Block_3,B1101
B1119,B,11,01,9,,,Block_3,B1101
B11110,B,11,01,10,,,Block_3,B1101
B1121,B,11,02,1,,,Block_3,B1102
B1122,B,11,02,2,,,Block_3,B1102
B1123,B,11,02,3,,,Block_3,B1102
B1124,B,11,02,4,,,Block_3,B1102
B1125,B,11,02,5,,,Block_3,B1102
B1126,B,11,02,6,,,Block_3,B1102
B1127,B,11,02,7,,,Block_3,B1102
B1128,B,11,02,8,,,Block_3,B1102
B1129,B,11,02,9,,,Block_3,B1102
B11210,B,11,02,10,,,Block_3,B1102
C111,C,01,01,1,0,70.11,Block_1,C0101
C112,C,01,01,2,2,59.3,Block_1,C0101
C113,C,01,01,3,0,54.22,Block_1,C0101
C114,C,01,01,4,3,58.98,Block_1,C0101
C115,C,01,01,5,0,60.1,Block_1,C0101
C116,C,01,01,6,0,60.3,Block_1,C0101
C117,C,01,01,7,2,62.1,Block_1,C0101
C118,C,01,01,8,0,57.34,Block_1,C0101
C119,C,01,01,9,0,63.66,Block_1,C0101
C1110,C,01,01,10,2,59.09,Block_1,C0101
C121,C,01,02,1,0,52.2,Block_1,C0102
C122,C,01,02,2,0,57.29,Block_1,C0102
C123,C,01,02,3,0,52.32,Block_1,C0102
C124,C,01,02,4,1,64.23,Block_1,C0102
C125,C,01,02,5,10,78.75,Block_1,C0102
C126,C,01,02,6,3,62.19,Block_1,C0102
C127,C,01,02,7,0,55.29,Block_1,C0102
C128,C,01,02,8,0,62.04,Block_1,C0102
C129,C,01,02,9,2,65.54,Block_1,C0102
C1210,C,01,02,10,0,66.81,Block_1,C0102
C211,C,02,01,1,0,52,Block_1,C0201
C212,C,02,01,2,0,56.26,Block_1,C0201
C213,C,02,01,3,0,64.23,Block_1,C0201
C214,C,02,01,4,0,57.62,Block_1,C0201
C215,C,02,01,5,0,51.89,Block_1,C0201
C216,C,02,01,6,2,58.57,Block_1,C0201
C217,C,02,01,7,1,60.4,Block_1,C0201
C218,C,02,01,8,0,66.31,Block_1,C0201
C219,C,02,01,9,0,59.56,Block_1,C0201
C2110,C,02,01,10,0,51.5,Block_1,C0201
C221,C,02,02,1,0,59.48,Block_1,C0202
C222,C,02,02,2,0,59.93,Block_1,C0202
C223,C,02,02,3,0,55.86,Block_1,C0202
C224,C,02,02,4,0,49.52,Block_1,C0202
C225,C,02,02,5,0,53.9,Block_1,C0202
C226,C,02,02,6,0,57.29,Block_1,C0202
C227,C,02,02,7,0,60.18,Block_1,C0202
C228,C,02,02,8,0,48.52,Block_1,C0202
C229,C,02,02,9,0,60.93,Block_1,C0202
C2210,C,02,02,10,0,51.6,Block_1,C0202
C311,C,03,01,1,0,65.22,Block_1,C0301
C312,C,03,01,2,0,58.84,Block_1,C0301
C313,C,03,01,3,0,63.25,Block_1,C0301
C314,C,03,01,4,1,65.63,Block_1,C0301
C315,C,03,01,5,1,64.22,Block_1,C0301
C316,C,03,01,6,0,57.78,Block_1,C0301
C317,C,03,01,7,0,56.81,Block_1,C0301
C318,C,03,01,8,0,58.68,Block_1,C0301
C319,C,03,01,9,0,61.44,Block_1,C0301
C3110,C,03,01,10,0,56.03,Block_1,C0301
C321,C,03,02,1,9,70.18,Block_1,C0302
C322,C,03,02,2,0,64.85,Block_1,C0302
C323,C,03,02,3,0,60.6,Block_1,C0302
C324,C,03,02,4,0,51.54,Block_1,C0302
C325,C,03,02,5,0,55.3,Block_1,C0302
C326,C,03,02,6,0,53.46,Block_1,C0302
C327,C,03,02,7,0,57.18,Block_1,C0302
C328,C,03,02,8,0,54.29,Block_1,C0302
C329,C,03,02,9,0,44.82,Block_1,C0302
C3210,C,03,02,10,,,Block_1,C0302
C411,C,04,01,1,0,49.36,Block_2,C0401
C412,C,04,01,2,0,50.4,Block_2,C0401
C413,C,04,01,3,8,70.88,Block_2,C0401
C414,C,04,01,4,0,60.17,Block_2,C0401
C415,C,04,01,5,7,63.69,Block_2,C0401
C416,C,04,01,6,2,57.91,Block_2,C0401
C417,C,04,01,7,5,59.53,Block_2,C0401
C418,C,04,01,8,2,56.71,Block_2,C0401
C419,C,04,01,9,0,63.74,Block_2,C0401
C4110,C,04,01,10,0,55.82,Block_2,C0401
C421,C,04,02,1,1,61.59,Block_2,C0402
C422,C,04,02,2,0,49.88,Block_2,C0402
C423,C,04,02,3,2,53.18,Block_2,C0402
C424,C,04,02,4,0,63.6,Block_2,C0402
C425,C,04,02,5,1,57.51,Block_2,C0402
C426,C,04,02,6,2,53.14,Block_2,C0402
C427,C,04,02,7,0,51.07,Block_2,C0402
C428,C,04,02,8,1,56.25,Block_2,C0402
C429,C,04,02,9,0,59.38,Block_2,C0402
C4210,C,04,02,10,0,58.32,Block_2,C0402
C511,C,05,01,1,0,48.27,Block_2,C0501
C512,C,05,01,2,0,46.21,Block_2,C0501
C513,C,05,01,3,0,54.81,Block_2,C0501
C514,C,05,01,4,1,55.39,Block_2,C0501
C515,C,05,01,5,0,51.78,Block_2,C0501
C516,C,05,01,6,1,57.02,Block_2,C0501
C517,C,05,01,7,2,60.03,Block_2,C0501
C518,C,05,01,8,5,57.8,Block_2,C0501
C519,C,05,01,9,1,56.17,Block_2,C0501
C5110,C,05,01,10,0,51.47,Block_2,C0501
C521,C,05,02,1,0,58.58,Block_2,C0502
C522,C,05,02,2,0,60.12,Block_2,C0502
C523,C,05,02,3,0,31.38,Block_2,C0502
C524,C,05,02,4,0,71.1,Block_2,C0502
C525,C,05,02,5,0,61.98,Block_2,C0502
C526,C,05,02,6,0,59.52,Block_2,C0502
C527,C,05,02,7,0,55.44,Block_2,C0502
C528,C,05,02,8,0,61.94,Block_2,C0502
C529,C,05,02,9,0,50.71,Block_2,C0502
C5210,C,05,02,10,0,59.21,Block_2,C0502
C611,C,06,01,1,0,43.47,Block_2,C0601
C612,C,06,01,2,0,49.4,Block_2,C0601
C613,C,06,01,3,0,53.05,Block_2,C0601
C614,C,06,01,4,0,62.75,Block_2,C0601
C615,C,06,01,5,0,53.49,Block_2,C0601
C616,C,06,01,6,0,57.03,Block_2,C0601
C617,C,06,01,7,1,62.12,Block_2,C0601
C618,C,06,01,8,0,67.81,Block_2,C0601
C619,C,06,01,9,0,58.62,Block_2,C0601
C6110,C,06,01,10,0,75.12,Block_2,C0601
C621,C,06,02,1,0,61.53,Block_2,C0602
C622,C,06,02,2,0,47.25,Block_2,C0602
C623,C,06,02,3,0,60.56,Block_2,C0602
C624,C,06,02,4,0,60.65,Block_2,C0602
C625,C,06,02,5,0,50.51,Block_2,C0602
C626,C,06,02,6,0,60.9,Block_2,C0602
C627,C,06,02,7,0,62.85,Block_2,C0602
C628,C,06,02,8,0,55,Block_2,C0602
C629,C,06,02,9,0,61.26,Block_2,C0602
C6210,C,06,02,10,0,50.52,Block_2,C0602
C711,C,07,01,1,1,62.54,Block_2,C0701
C712,C,07,01,2,0,54.02,Block_2,C0701
C713,C,07,01,3,0,53.98,Block_2,C0701
C714,C,07,01,4,1,63.79,Block_2,C0701
C715,C,07,01,5,0,55.8,Block_2,C0701
C716,C,07,01,6,1,65.65,Block_2,C0701
C717,C,07,01,7,0,59.39,Block_2,C0701
C718,C,07,01,8,0,52.47,Block_2,C0701
C719,C,07,01,9,0,53.91,Block_2,C0701
C7110,C,07,01,10,0,53.1,Block_2,C0701
C721,C,07,02,1,0,57.32,Block_2,C0702
C722,C,07,02,2,1,63.73,Block_2,C0702
C723,C,07,02,3,0,70.83,Block_2,C0702
C724,C,07,02,4,0,66.99,Block_2,C0702
C725,C,07,02,5,0,56.53,Block_2,C0702
C726,C,07,02,6,0,68.15,Block_2,C0702
C727,C,07,02,7,0,62.86,Block_2,C0702
C728,C,07,02,8,0,65.23,Block_2,C0702
C729,C,07,02,9,0,60.58,Block_2,C0702
C7210,C,07,02,10,0,49.16,Block_2,C0702
C811,C,08,01,1,0,71.79,Block_3,C0801
C812,C,08,01,2,0,81.76,Block_3,C0801
C813,C,08,01,3,0,56.05,Block_3,C0801
C814,C,08,01,4,0,65.69,Block_3,C0801
C815,C,08,01,5,0,55.16,Block_3,C0801
C816,C,08,01,6,0,63.46,Block_3,C0801
C817,C,08,01,7,0,60.42,Block_3,C0801
C818,C,08,01,8,0,61.61,Block_3,C0801
C819,C,08,01,9,0,63.52,Block_3,C0801
C8110,C,08,01,10,0,58.07,Block_3,C0801
C821,C,08,02,1,0,61.53,Block_3,C0802
C822,C,08,02,2,0,48.5,Block_3,C0802
C823,C,08,02,3,0,48.54,Block_3,C0802
C824,C,08,02,4,0,57.19,Block_3,C0802
C825,C,08,02,5,0,55.94,Block_3,C0802
C826,C,08,02,6,0,53.64,Block_3,C0802
C827,C,08,02,7,0,48.87,Block_3,C0802
C828,C,08,02,8,0,48.85,Block_3,C0802
C829,C,08,02,9,0,52.85,Block_3,C0802
C8210,C,08,02,10,0,46.36,Block_3,C0802
C911,C,09,01,1,,,Block_3,C0901
C912,C,09,01,2,,,Block_3,C0901
C913,C,09,01,3,,,Block_3,C0901
C914,C,09,01,4,,,Block_3,C0901
C915,C,09,01,5,,,Block_3,C0901
C916,C,09,01,6,,,Block_3,C0901
C917,C,09,01,7,,,Block_3,C0901
C918,C,09,01,8,,,Block_3,C0901
C919,C,09,01,9,,,Block_3,C0901
C9110,C,09,01,10,,,Block_3,C0901
C921,C,09,02,1,2,54.66,Block_3,C0902
C922,C,09,02,2,2,51.62,Block_3,C0902
C923,C,09,02,3,0,42.68,Block_3,C0902
C924,C,09,02,4,1,51.87,Block_3,C0902
C925,C,09,02,5,0,47.78,Block_3,C0902
C926,C,09,02,6,0,51.26,Block_3,C0902
C927,C,09,02,7,2,56.98,Block_3,C0902
C928,C,09,02,8,3,57.21,Block_3,C0902
C929,C,09,02,9,1,55.19,Block_3,C0902
C9210,C,09,02,10,0,50.23,Block_3,C0902
C1011,C,10,01,1,2,60.44,Block_3,C1001
C1012,C,10,01,2,0,62.26,Block_3,C1001
C1013,C,10,01,3,8,75.17,Block_3,C1001
C1014,C,10,01,4,2,70.39,Block_3,C1001
C1015,C,10,01,5,1,55.11,Block_3,C1001
C1016,C,10,01,6,0,54.32,Block_3,C1001
C1017,C,10,01,7,0,57.38,Block_3,C1001
C1018,C,10,01,8,3,62.8,Block_3,C1001
C1019,C,10,01,9,4,71.69,Block_3,C1001
C10110,C,10,01,10,1,32.72,Block_3,C1001
C1021,C,10,02,1,1,71.4,Block_3,C1002
C1022,C,10,02,2,1,56.72,Block_3,C1002
C1023,C,10,02,3,0,56.19,Block_3,C1002
C1024,C,10,02,4,0,54.83,Block_3,C1002
C1025,C,10,02,5,2,62.46,Block_3,C1002
C1026,C,10,02,6,0,56.36,Block_3,C1002
C1027,C,10,02,7,0,64.13,Block_3,C1002
C1028,C,10,02,8,0,55.09,Block_3,C1002
C1029,C,10,02,9,0,61.32,Block_3,C1002
C10210,C,10,02,10,0,45.84,Block_3,C1002
C1111,C,11,01,1,,,Block_3,C1101
C1112,C,11,01,2,,,Block_3,C1101
C1113,C,11,01,3,,,Block_3,C1101
C1114,C,11,01,4,,,Block_3,C1101
C1115,C,11,01,5,,,Block_3,C1101
C1116,C,11,01,6,,,Block_3,C1101
C1117,C,11,01,7,,,Block_3,C1101
C1118,C,11,01,8,,,Block_3,C1101
C1119,C,11,01,9,,,Block_3,C1101
C11110,C,11,01,10,,,Block_3,C1101
C1121,C,11,02,1,,,Block_3,C1102
C1122,C,11,02,2,,,Block_3,C1102
C1123,C,11,02,3,,,Block_3,C1102
C1124,C,11,02,4,,,Block_3,C1102
C1125,C,11,02,5,,,Block_3,C1102
C1126,C,11,02,6,,,Block_3,C1102
C1127,C,11,02,7,,,Block_3,C1102
C1128,C,11,02,8,,,Block_3,C1102
C1129,C,11,02,9,,,Block_3,C1102
C11210,C,11,02,10,,,Block_3,C1102
D111,D,01,01,1,0,64.82,Block_1,D0101
D112,D,01,01,2,3,78.38,Block_1,D0101
D113,D,01,01,3,0,58.9,Block_1,D0101
D114,D,01,01,4,2,63.1,Block_1,D0101
D115,D,01,01,5,0,59.68,Block_1,D0101
D116,D,01,01,6,0,54.05,Block_1,D0101
D117,D,01,01,7,0,56.05,Block_1,D0101
D118,D,01,01,8,0,65.41,Block_1,D0101
D119,D,01,01,9,0,60.31,Block_1,D0101
D1110,D,01,01,10,0,57.36,Block_1,D0101
D121,D,01,02,1,2,62.78,Block_1,D0102
D122,D,01,02,2,0,54.08,Block_1,D0102
D123,D,01,02,3,2,66.33,Block_1,D0102
D124,D,01,02,4,0,50.23,Block_1,D0102
D125,D,01,02,5,1,64.1,Block_1,D0102
D126,D,01,02,6,0,46.3,Block_1,D0102
D127,D,01,02,7,0,51.47,Block_1,D0102
D128,D,01,02,8,0,61.95,Block_1,D0102
D129,D,01,02,9,4,66.3,Block_1,D0102
D1210,D,01,02,10,2,59.9,Block_1,D0102
D211,D,02,01,1,1,62.1,Block_1,D0201
D212,D,02,01,2,2,62.07,Block_1,D0201
D213,D,02,01,3,2,51.36,Block_1,D0201
D214,D,02,01,4,0,57.11,Block_1,D0201
D215,D,02,01,5,4,69.91,Block_1,D0201
D216,D,02,01,6,1,58.15,Block_1,D0201
D217,D,02,01,7,4,70.22,Block_1,D0201
D218,D,02,01,8,1,61.95,Block_1,D0201
D219,D,02,01,9,0,63.87,Block_1,D0201
D2110,D,02,01,10,0,51.27,Block_1,D0201
D221,D,02,02,1,1,63.15,Block_1,D0202
D222,D,02,02,2,0,50.51,Block_1,D0202
D223,D,02,02,3,0,53.1,Block_1,D0202
D224,D,02,02,4,0,56.96,Block_1,D0202
D225,D,02,02,5,1,54.62,Block_1,D0202
D226,D,02,02,6,0,62.52,Block_1,D0202
D227,D,02,02,7,1,57.53,Block_1,D0202
D228,D,02,02,8,0,52.96,Block_1,D0202
D229,D,02,02,9,0,50.58,Block_1,D0202
D2210,D,02,02,10,0,49.15,Block_1,D0202
D311,D,03,01,1,,,Block_1,D0301
D312,D,03,01,2,,,Block_1,D0301
D313,D,03,01,3,,,Block_1,D0301
D314,D,03,01,4,,,Block_1,D0301
D315,D,03,01,5,,,Block_1,D0301
D316,D,03,01,6,,,Block_1,D0301
D317,D,03,01,7,,,Block_1,D0301
D318,D,03,01,8,,,Block_1,D0301
D319,D,03,01,9,,,Block_1,D0301
D3110,D,03,01,10,,,Block_1,D0301
D321,D,03,02,1,0,70.35,Block_1,D0302
D322,D,03,02,2,2,62.83,Block_1,D0302
D323,D,03,02,3,3,69.08,Block_1,D0302
D324,D,03,02,4,0,56.7,Block_1,D0302
D325,D,03,02,5,0,73.95,Block_1,D0302
D326,D,03,02,6,0,61.09,Block_1,D0302
D327,D,03,02,7,0,64.33,Block_1,D0302
D328,D,03,02,8,0,72.1,Block_1,D0302
D329,D,03,02,9,0,60.19,Block_1,D0302
D3210,D,03,02,10,0,56.49,Block_1,D0302
D411,D,04,01,1,0,60.07,Block_2,D0401
D412,D,04,01,2,0,71.87,Block_2,D0401
D413,D,04,01,3,0,57.13,Block_2,D0401
D414,D,04,01,4,0,57.62,Block_2,D0401
D415,D,04,01,5,0,60.74,Block_2,D0401
D416,D,04,01,6,0,68.59,Block_2,D0401
D417,D,04,01,7,0,62.13,Block_2,D0401
D418,D,04,01,8,0,62.75,Block_2,D0401
D419,D,04,01,9,0,59.21,Block_2,D0401
D4110,D,04,01,10,0,57.3,Block_2,D0401
D421,D,04,02,1,2,58.44,Block_2,D0402
D422,D,04,02,2,0,67.04,Block_2,D0402
D423,D,04,02,3,0,55.15,Block_2,D0402
D424,D,04,02,4,3,73.16,Block_2,D0402
D425,D,04,02,5,1,63.68,Block_2,D0402
D426,D,04,02,6,2,71.14,Block_2,D0402
D427,D,04,02,7,0,61.71,Block_2,D0402
D428,D,04,02,8,3,68.47,Block_2,D0402
D429,D,04,02,9,0,52.22,Block_2,D0402
D4210,D,04,02,10,1,61.82,Block_2,D0402
D511,D,05,01,1,1,68.21,Block_2,D0501
D512,D,05,01,2,2,57.7,Block_2,D0501
D513,D,05,01,3,1,63.62,Block_2,D0501
D514,D,05,01,4,0,53.9,Block_2,D0501
D515,D,05,01,5,3,70.37,Block_2,D0501
D516,D,05,01,6,3,66.01,Block_2,D0501
D517,D,05,01,7,5,64.73,Block_2,D0501
D518,D,05,01,8,0,56.37,Block_2,D0501
D519,D,05,01,9,1,49.46,Block_2,D0501
D5110,D,05,01,10,0,50.36,Block_2,D0501
D521,D,05,02,1,1,63.34,Block_2,D0502
D522,D,05,02,2,1,52.86,Block_2,D0502
D523,D,05,02,3,0,46.69,Block_2,D0502
D524,D,05,02,4,0,55,Block_2,D0502
D525,D,05,02,5,0,50.73,Block_2,D0502
D526,D,05,02,6,3,64,Block_2,D0502
D527,D,05,02,7,2,62.85,Block_2,D0502
D528,D,05,02,8,2,61.6,Block_2,D0502
D529,D,05,02,9,0,68.27,Block_2,D0502
D5210,D,05,02,10,3,78.62,Block_2,D0502
D611,D,06,01,1,,,Block_2,D0601
D612,D,06,01,2,,,Block_2,D0601
D613,D,06,01,3,,,Block_2,D0601
D614,D,06,01,4,,,Block_2,D0601
D615,D,06,01,5,,,Block_2,D0601
D616,D,06,01,6,,,Block_2,D0601
D617,D,06,01,7,,,Block_2,D0601
D618,D,06,01,8,,,Block_2,D0601
D619,D,06,01,9,,,Block_2,D0601
D6110,D,06,01,10,,,Block_2,D0601
D621,D,06,02,1,0,45.52,Block_2,D0602
D622,D,06,02,2,0,51.19,Block_2,D0602
D623,D,06,02,3,0,51.63,Block_2,D0602
D624,D,06,02,4,0,51.38,Block_2,D0602
D625,D,06,02,5,0,49.41,Block_2,D0602
D626,D,06,02,6,0,47.08,Block_2,D0602
D627,D,06,02,7,0,46.57,Block_2,D0602
D628,D,06,02,8,0,57.51,Block_2,D0602
D629,D,06,02,9,,,Block_2,D0602
D6210,D,06,02,10,,,Block_2,D0602
D711,D,07,01,1,4,64.5,Block_2,D0701
D712,D,07,01,2,1,58.48,Block_2,D0701
D713,D,07,01,3,1,62.08,Block_2,D0701
D714,D,07,01,4,0,55.24,Block_2,D0701
D715,D,07,01,5,0,63.54,Block_2,D0701
D716,D,07,01,6,2,54.12,Block_2,D0701
D717,D,07,01,7,1,49.98,Block_2,D0701
D718,D,07,01,8,0,49.72,Block_2,D0701
D719,D,07,01,9,2,53.7,Block_2,D0701
D7110,D,07,01,10,0,57.92,Block_2,D0701
D721,D,07,02,1,0,60.39,Block_2,D0702
D722,D,07,02,2,0,52.47,Block_2,D0702
D723,D,07,02,3,0,58.89,Block_2,D0702
D724,D,07,02,4,0,52.27,Block_2,D0702
D725,D,07,02,5,0,54.88,Block_2,D0702
D726,D,07,02,6,0,54.03,Block_2,D0702
D727,D,07,02,7,2,57.14,Block_2,D0702
D728,D,07,02,8,0,45.61,Block_2,D0702
D729,D,07,02,9,1,52.43,Block_2,D0702
D7210,D,07,02,10,0,48.2,Block_2,D0702
D811,D,08,01,1,0,61.54,Block_3,D0801
D812,D,08,01,2,2,70.12,Block_3,D0801
D813,D,08,01,3,4,64.25,Block_3,D0801
D814,D,08,01,4,1,60.15,Block_3,D0801
D815,D,08,01,5,1,45.56,Block_3,D0801
D816,D,08,01,6,0,53.84,Block_3,D0801
D817,D,08,01,7,4,58.65,Block_3,D0801
D818,D,08,01,8,0,51.6,Block_3,D0801
D819,D,08,01,9,0,67.78,Block_3,D0801
D8110,D,08,01,10,1,58.35,Block_3,D0801
D821,D,08,02,1,0,56.75,Block_3,D0802
D822,D,08,02,2,3,52.69,Block_3,D0802
D823,D,08,02,3,5,66.1,Block_3,D0802
D824,D,08,02,4,3,56.54,Block_3,D0802
D825,D,08,02,5,0,59.06,Block_3,D0802
D826,D,08,02,6,1,60.98,Block_3,D0802
D827,D,08,02,7,0,58.41,Block_3,D0802
D828,D,08,02,8,1,62.43,Block_3,D0802
D829,D,08,02,9,3,62,Block_3,D0802
D8210,D,08,02,10,1,53.14,Block_3,D0802
D911,D,09,01,1,,,Block_3,D0901
D912,D,09,01,2,,,Block_3,D0901
D913,D,09,01,3,,,Block_3,D0901
D914,D,09,01,4,,,Block_3,D0901
D915,D,09,01,5,,,Block_3,D0901
D916,D,09,01,6,,,Block_3,D0901
D917,D,09,01,7,,,Block_3,D0901
D918,D,09,01,8,,,Block_3,D0901
D919,D,09,01,9,,,Block_3,D0901
D9110,D,09,01,10,,,Block_3,D0901
D921,D,09,02,1,,,Block_3,D0902
D922,D,09,02,2,,,Block_3,D0902
D923,D,09,02,3,,,Block_3,D0902
D924,D,09,02,4,,,Block_3,D0902
D925,D,09,02,5,,,Block_3,D0902
D926,D,09,02,6,,,Block_3,D0902
D927,D,09,02,7,,,Block_3,D0902
D928,D,09,02,8,,,Block_3,D0902
D929,D,09,02,9,,,Block_3,D0902
D9210,D,09,02,10,,,Block_3,D0902
D1011,D,10,01,1,4,61.06,Block_3,D1001
D1012,D,10,01,2,2,57.1,Block_3,D1001
D1013,D,10,01,3,3,60.61,Block_3,D1001
D1014,D,10,01,4,0,56.58,Block_3,D1001
D1015,D,10,01,5,3,57.54,Block_3,D1001
D1016,D,10,01,6,7,62.52,Block_3,D1001
D1017,D,10,01,7,3,60.96,Block_3,D1001
D1018,D,10,01,8,6,69.5,Block_3,D1001
D1019,D,10,01,9,0,64,Block_3,D1001
D10110,D,10,01,10,2,52.71,Block_3,D1001
D1021,D,10,02,1,5,65.56,Block_3,D1002
D1022,D,10,02,2,3,55.91,Block_3,D1002
D1023,D,10,02,3,4,70.21,Block_3,D1002
D1024,D,10,02,4,3,58.17,Block_3,D1002
D1025,D,10,02,5,4,60.57,Block_3,D1002
D1026,D,10,02,6,2,58.33,Block_3,D1002
D1027,D,10,02,7,1,59.27,Block_3,D1002
D1028,D,10,02,8,2,57.74,Block_3,D1002
D1029,D,10,02,9,2,53.81,Block_3,D1002
D10210,D,10,02,10,2,50.17,Block_3,D1002
D1111,D,11,01,1,0,55.7,Block_3,D1101
D1112,D,11,01,2,0,52.4,Block_3,D1101
D1113,D,11,01,3,2,60.63,Block_3,D1101
D1114,D,11,01,4,0,50.1,Block_3,D1101
D1115,D,11,01,5,0,49.17,Block_3,D1101
D1116,D,11,01,6,2,48.37,Block_3,D1101
D1117,D,11,01,7,0,46.21,Block_3,D1101
D1118,D,11,01,8,0,48.37,Block_3,D1101
D1119,D,11,01,9,0,44.35,Block_3,D1101
D11110,D,11,01,10,1,45.51,Block_3,D1101
D1121,D,11,02,1,,,Block_3,D1102
D1122,D,11,02,2,,,Block_3,D1102
D1123,D,11,02,3,,,Block_3,D1102
D1124,D,11,02,4,,,Block_3,D1102
D1125,D,11,02,5,,,Block_3,D1102
D1126,D,11,02,6,,,Block_3,D1102
D1127,D,11,02,7,,,Block_3,D1102
D1128,D,11,02,8,,,Block_3,D1102
D1129,D,11,02,9,,,Block_3,D1102
D11210,D,11,02,10,,,Block_3,D1102
E111,E,01,01,1,3,55.95,Block_1,E0101
E112,E,01,01,2,3,57.01,Block_1,E0101
E113,E,01,01,3,4,63.48,Block_1,E0101
E114,E,01,01,4,2,60.49,Block_1,E0101
E115,E,01,01,5,0,54.42,Block_1,E0101
E116,E,01,01,6,1,62.87,Block_1,E0101
E117,E,01,01,7,2,53.51,Block_1,E0101
E118,E,01,01,8,1,56.65,Block_1,E0101
E119,E,01,01,9,2,56.79,Block_1,E0101
E1110,E,01,01,10,2,54.79,Block_1,E0101
E121,E,01,02,1,1,62.56,Block_1,E0102
E122,E,01,02,2,3,53.8,Block_1,E0102
E123,E,01,02,3,5,63.86,Block_1,E0102
E124,E,01,02,4,2,56.78,Block_1,E0102
E125,E,01,02,5,1,57.99,Block_1,E0102
E126,E,01,02,6,0,51.19,Block_1,E0102
E127,E,01,02,7,2,64.8,Block_1,E0102
E128,E,01,02,8,0,49.53,Block_1,E0102
E129,E,01,02,9,1,58.66,Block_1,E0102
E1210,E,01,02,10,2,67.96,Block_1,E0102
E211,E,02,01,1,3,59.27,Block_1,E0201
E212,E,02,01,2,6,57.39,Block_1,E0201
E213,E,02,01,3,0,58.53,Block_1,E0201
E214,E,02,01,4,4,55.66,Block_1,E0201
E215,E,02,01,5,4,62.13,Block_1,E0201
E216,E,02,01,6,2,58.58,Block_1,E0201
E217,E,02,01,7,2,55.09,Block_1,E0201
E218,E,02,01,8,0,48.43,Block_1,E0201
E219,E,02,01,9,0,45.92,Block_1,E0201
E2110,E,02,01,10,3,64.39,Block_1,E0201
E221,E,02,02,1,0,59.98,Block_1,E0202
E222,E,02,02,2,2,62.21,Block_1,E0202
E223,E,02,02,3,1,55.21,Block_1,E0202
E224,E,02,02,4,3,63.61,Block_1,E0202
E225,E,02,02,5,3,69.25,Block_1,E0202
E226,E,02,02,6,3,59.29,Block_1,E0202
E227,E,02,02,7,1,59,Block_1,E0202
E228,E,02,02,8,1,46.86,Block_1,E0202
E229,E,02,02,9,0,49.94,Block_1,E0202
E2210,E,02,02,10,1,50.85,Block_1,E0202
E311,E,03,01,1,,,Block_1,E0301
E312,E,03,01,2,,,Block_1,E0301
E313,E,03,01,3,,,Block_1,E0301
E314,E,03,01,4,,,Block_1,E0301
E315,E,03,01,5,,,Block_1,E0301
E316,E,03,01,6,,,Block_1,E0301
E317,E,03,01,7,,,Block_1,E0301
E318,E,03,01,8,,,Block_1,E0301
E319,E,03,01,9,,,Block_1,E0301
E3110,E,03,01,10,,,Block_1,E0301
E321,E,03,02,1,0,70.23,Block_1,E0302
E322,E,03,02,2,5,72.35,Block_1,E0302
E323,E,03,02,3,0,63.32,Block_1,E0302
E324,E,03,02,4,2,55.02,Block_1,E0302
E325,E,03,02,5,8,68.89,Block_1,E0302
E326,E,03,02,6,2,57.27,Block_1,E0302
E327,E,03,02,7,2,64.76,Block_1,E0302
E328,E,03,02,8,4,59.77,Block_1,E0302
E329,E,03,02,9,0,58.4,Block_1,E0302
E3210,E,03,02,10,0,49.24,Block_1,E0302
E411,E,04,01,1,0,53.54,Block_2,E0401
E412,E,04,01,2,0,56.61,Block_2,E0401
E413,E,04,01,3,0,56.92,Block_2,E0401
E414,E,04,01,4,0,57.7,Block_2,E0401
E415,E,04,01,5,0,60.58,Block_2,E0401
E416,E,04,01,6,1,61.64,Block_2,E0401
E417,E,04,01,7,0,64.5,Block_2,E0401
E418,E,04,01,8,0,60.37,Block_2,E0401
E419,E,04,01,9,1,51.43,Block_2,E0401
E4110,E,04,01,10,0,44.98,Block_2,E0401
E421,E,04,02,1,1,68.69,Block_2,E0402
E422,E,04,02,2,0,59.52,Block_2,E0402
E423,E,04,02,3,1,55.36,Block_2,E0402
E424,E,04,02,4,1,59.62,Block_2,E0402
E425,E,04,02,5,1,51.77,Block_2,E0402
E426,E,04,02,6,0,57.22,Block_2,E0402
E427,E,04,02,7,2,70.2,Block_2,E0402
E428,E,04,02,8,1,57.35,Block_2,E0402
E429,E,04,02,9,2,66.31,Block_2,E0402
E4210,E,04,02,10,1,54.97,Block_2,E0402
E511,E,05,01,1,0,66.41,Block_2,E0501
E512,E,05,01,2,0,55.5,Block_2,E0501
E513,E,05,01,3,0,58.17,Block_2,E0501
E514,E,05,01,4,0,58.25,Block_2,E0501
E515,E,05,01,5,0,59.41,Block_2,E0501
E516,E,05,01,6,0,55.46,Block_2,E0501
E517,E,05,01,7,0,49.4,Block_2,E0501
E518,E,05,01,8,0,48.85,Block_2,E0501
E519,E,05,01,9,0,50.92,Block_2,E0501
E5110,E,05,01,10,0,52.55,Block_2,E0501
E521,E,05,02,1,0,51.82,Block_2,E0502
E522,E,05,02,2,0,58.13,Block_2,E0502
E523,E,05,02,3,0,54.59,Block_2,E0502
E524,E,05,02,4,0,60,Block_2,E0502
E525,E,05,02,5,0,59.98,Block_2,E0502
E526,E,05,02,6,0,49.84,Block_2,E0502
E527,E,05,02,7,0,50.82,Block_2,E0502
E528,E,05,02,8,0,60.03,Block_2,E0502
E529,E,05,02,9,0,49.82,Block_2,E0502
E5210,E,05,02,10,0,48.83,Block_2,E0502
E611,E,06,01,1,0,58.98,Block_2,E0601
E612,E,06,01,2,1,57.58,Block_2,E0601
E613,E,06,01,3,3,62.65,Block_2,E0601
E614,E,06,01,4,2,51.11,Block_2,E0601
E615,E,06,01,5,0,55.72,Block_2,E0601
E616,E,06,01,6,0,48.55,Block_2,E0601
E617,E,06,01,7,0,55.1,Block_2,E0601
E618,E,06,01,8,1,56.75,Block_2,E0601
E619,E,06,01,9,0,43.06,Block_2,E0601
E6110,E,06,01,10,0,58.32,Block_2,E0601
E621,E,06,02,1,,,Block_2,E0602
E622,E,06,02,2,,,Block_2,E0602
E623,E,06,02,3,,,Block_2,E0602
E624,E,06,02,4,,,Block_2,E0602
E625,E,06,02,5,,,Block_2,E0602
E626,E,06,02,6,,,Block_2,E0602
E627,E,06,02,7,,,Block_2,E0602
E628,E,06,02,8,,,Block_2,E0602
E629,E,06,02,9,,,Block_2,E0602
E6210,E,06,02,10,,,Block_2,E0602
E711,E,07,01,1,,,Block_2,E0701
E712,E,07,01,2,,,Block_2,E0701
E713,E,07,01,3,,,Block_2,E0701
E714,E,07,01,4,,,Block_2,E0701
E715,E,07,01,5,,,Block_2,E0701
E716,E,07,01,6,,,Block_2,E0701
E717,E,07,01,7,,,Block_2,E0701
E718,E,07,01,8,,,Block_2,E0701
E719,E,07,01,9,,,Block_2,E0701
E7110,E,07,01,10,,,Block_2,E0701
E721,E,07,02,1,,,Block_2,E0702
E722,E,07,02,2,,,Block_2,E0702
E723,E,07,02,3,,,Block_2,E0702
E724,E,07,02,4,,,Block_2,E0702
E725,E,07,02,5,,,Block_2,E0702
E726,E,07,02,6,,,Block_2,E0702
E727,E,07,02,7,,,Block_2,E0702
E728,E,07,02,8,,,Block_2,E0702
E729,E,07,02,9,,,Block_2,E0702
E7210,E,07,02,10,,,Block_2,E0702
E811,E,08,01,1,,,Block_3,E0801
E812,E,08,01,2,,,Block_3,E0801
E813,E,08,01,3,,,Block_3,E0801
E814,E,08,01,4,,,Block_3,E0801
E815,E,08,01,5,,,Block_3,E0801
E816,E,08,01,6,,,Block_3,E0801
E817,E,08,01,7,,,Block_3,E0801
E818,E,08,01,8,,,Block_3,E0801
E819,E,08,01,9,,,Block_3,E0801
E8110,E,08,01,10,,,Block_3,E0801
E821,E,08,02,1,,,Block_3,E0802
E822,E,08,02,2,,,Block_3,E0802
E823,E,08,02,3,,,Block_3,E0802
E824,E,08,02,4,,,Block_3,E0802
E825,E,08,02,5,,,Block_3,E0802
E826,E,08,02,6,,,Block_3,E0802
E827,E,08,02,7,,,Block_3,E0802
E828,E,08,02,8,,,Block_3,E0802
E829,E,08,02,9,,,Block_3,E0802
E8210,E,08,02,10,,,Block_3,E0802
E911,E,09,01,1,1,57.76,Block_3,E0901
E912,E,09,01,2,0,55.02,Block_3,E0901
E913,E,09,01,3,2,61.05,Block_3,E0901
E914,E,09,01,4,0,54.04,Block_3,E0901
E915,E,09,01,5,6,69.76,Block_3,E0901
E916,E,09,01,6,4,56.86,Block_3,E0901
E917,E,09,01,7,1,66.95,Block_3,E0901
E918,E,09,01,8,1,58.68,Block_3,E0901
E919,E,09,01,9,4,66.12,Block_3,E0901
E9110,E,09,01,10,0,55.17,Block_3,E0901
E921,E,09,02,1,0,60.32,Block_3,E0902
E922,E,09,02,2,0,64.55,Block_3,E0902
E923,E,09,02,3,0,62.98,Block_3,E0902
E924,E,09,02,4,1,49.99,Block_3,E0902
E925,E,09,02,5,0,50.98,Block_3,E0902
E926,E,09,02,6,0,53.7,Block_3,E0902
E927,E,09,02,7,0,58.51,Block_3,E0902
E928,E,09,02,8,0,62.34,Block_3,E0902
E929,E,09,02,9,0,51.06,Block_3,E0902
E9210,E,09,02,10,0,57.02,Block_3,E0902
E1011,E,10,01,1,0,44.77,Block_3,E1001
E1012,E,10,01,2,0,43.05,Block_3,E1001
E1013,E,10,01,3,0,56.29,Block_3,E1001
E1014,E,10,01,4,0,48.3,Block_3,E1001
E1015,E,10,01,5,0,42.4,Block_3,E1001
E1016,E,10,01,6,10,72.21,Block_3,E1001
E1017,E,10,01,7,0,53.42,Block_3,E1001
E1018,E,10,01,8,2,55.53,Block_3,E1001
E1019,E,10,01,9,,,Block_3,E1001
E10110,E,10,01,10,,,Block_3,E1001
E1021,E,10,02,1,4,58.16,Block_3,E1002
E1022,E,10,02,2,0,55.74,Block_3,E1002
E1023,E,10,02,3,1,60.17,Block_3,E1002
E1024,E,10,02,4,0,43.91,Block_3,E1002
E1025,E,10,02,5,2,50.9,Block_3,E1002
E1026,E,10,02,6,0,56.18,Block_3,E1002
E1027,E,10,02,7,2,53.95,Block_3,E1002
E1028,E,10,02,8,1,57.31,Block_3,E1002
E1029,E,10,02,9,1,62.7,Block_3,E1002
E10210,E,10,02,10,3,63.28,Block_3,E1002
E1111,E,11,01,1,0,38.4,Block_3,E1101
E1112,E,11,01,2,1,54.8,Block_3,E1101
E1113,E,11,01,3,0,55.27,Block_3,E1101
E1114,E,11,01,4,0,52.07,Block_3,E1101
E1115,E,11,01,5,0,51.2,Block_3,E1101
E1116,E,11,01,6,0,40.1,Block_3,E1101
E1117,E,11,01,7,,,Block_3,E1101
E1118,E,11,01,8,,,Block_3,E1101
E1119,E,11,01,9,,,Block_3,E1101
E11110,E,11,01,10,,,Block_3,E1101
E1121,E,11,02,1,,,Block_3,E1102
E1122,E,11,02,2,,,Block_3,E1102
E1123,E,11,02,3,,,Block_3,E1102
E1124,E,11,02,4,,,Block_3,E1102
E1125,E,11,02,5,,,Block_3,E1102
E1126,E,11,02,6,,,Block_3,E1102
E1127,E,11,02,7,,,Block_3,E1102
E1128,E,11,02,8,,,Block_3,E1102
E1129,E,11,02,9,,,Block_3,E1102
E11210,E,11,02,10,,,Block_3,E1102
